{
  "project_info": {
    "project_number": "766999439882",
    "project_id": "archcomp-1df56",
    "storage_bucket": "archcomp-1df56.appspot.com"
  },
  "client": [
    {
      "client_info": {
        "mobilesdk_app_id": "1:766999439882:android:65bea059be5c817757cdf3",
        "android_client_info": {
          "package_name": "com.amadeus.myapplication"
        }
      },
      "oauth_client": [
        {
          "client_id": "766999439882-30mjit82lt6cmntp6jimrjq7aj375vqr.apps.googleusercontent.com",
          "client_type": 3
        }
      ],
      "api_key": [
        {
          "current_key": "AIzaSyCTMzs0NjRecD9TfUnQ23hf0i0RBldomWQ"
        }
      ],
      "services": {
        "appinvite_service": {
          "other_platform_oauth_client": [
            {
              "client_id": "766999439882-30mjit82lt6cmntp6jimrjq7aj375vqr.apps.googleusercontent.com",
              "client_type": 3
            }
          ]
        }
      }
    },
    {
      "client_info": {
        "mobilesdk_app_id": "1:766999439882:android:2170b5dad10c082e57cdf3",
        "android_client_info": {
          "package_name": "com.example.archcomp"
        }
      },
      "oauth_client": [
        {
          "client_id": "766999439882-30mjit82lt6cmntp6jimrjq7aj375vqr.apps.googleusercontent.com",
          "client_type": 3
        }
      ],
      "api_key": [
        {
          "current_key": "AIzaSyCTMzs0NjRecD9TfUnQ23hf0i0RBldomWQ"
        }
      ],
      "services": {
        "appinvite_service": {
          "other_platform_oauth_client": [
            {
              "client_id": "766999439882-30mjit82lt6cmntp6jimrjq7aj375vqr.apps.googleusercontent.com",
              "client_type": 3
            }
          ]
        }
      }
    }
  ],
  "configuration_version": "1"
}