{
  "code": 200,
  "status": "Ok",
  "copyright": "© 2020 MARVEL",
  "attributionText": "Data provided by Marvel. © 2020 MARVEL",
  "attributionHTML": "<a href=\"http://marvel.com\">Data provided by Marvel. © 2020 MARVEL</a>",
  "etag": "45d270d72b59f76de9a1d5ff668748c3431617db",
  "data": {
    "offset": 0,
    "limit": 20,
    "total": 5,
    "count": 5,
    "results": [
      {
        "id": 1017320,
        "name": "Iron Man (Iron Man 3 - The Official Game)",
        "description": "",
        "modified": "2013-09-18T11:05:44-0400",
        "thumbnail": {
          "path": "http://i.annihil.us/u/prod/marvel/i/mg/9/03/5239c1408c936",
          "extension": "jpg"
        },
        "resourceURI": "http://gateway.marvel.com/v1/public/characters/1017320",
        "comics": {
          "available": 0,
          "collectionURI": "http://gateway.marvel.com/v1/public/characters/1017320/comics",
          "items": [],
          "returned": 0
        },
        "series": {
          "available": 0,
          "collectionURI": "http://gateway.marvel.com/v1/public/characters/1017320/series",
          "items": [],
          "returned": 0
        },
        "stories": {
          "available": 0,
          "collectionURI": "http://gateway.marvel.com/v1/public/characters/1017320/stories",
          "items": [],
          "returned": 0
        },
        "events": {
          "available": 0,
          "collectionURI": "http://gateway.marvel.com/v1/public/characters/1017320/events",
          "items": [],
          "returned": 0
        },
        "urls": [
          {
            "type": "detail",
            "url": "http://marvel.com/characters/29/iron_man?utm_campaign=apiRef&utm_source=5f84cceaaa141a3ad5425c416353eab4"
          },
          {
            "type": "comiclink",
            "url": "http://marvel.com/comics/characters/1017320/iron_man_iron_man_3_-_the_official_game?utm_campaign=apiRef&utm_source=5f84cceaaa141a3ad5425c416353eab4"
          }
        ]
      },
      {
        "id": 1017294,
        "name": "Iron Man (LEGO Marvel Super Heroes)",
        "description": "",
        "modified": "2013-09-18T17:03:08-0400",
        "thumbnail": {
          "path": "http://i.annihil.us/u/prod/marvel/i/mg/6/90/5239c3cc8a259",
          "extension": "jpg"
        },
        "resourceURI": "http://gateway.marvel.com/v1/public/characters/1017294",
        "comics": {
          "available": 0,
          "collectionURI": "http://gateway.marvel.com/v1/public/characters/1017294/comics",
          "items": [],
          "returned": 0
        },
        "series": {
          "available": 0,
          "collectionURI": "http://gateway.marvel.com/v1/public/characters/1017294/series",
          "items": [],
          "returned": 0
        },
        "stories": {
          "available": 0,
          "collectionURI": "http://gateway.marvel.com/v1/public/characters/1017294/stories",
          "items": [],
          "returned": 0
        },
        "events": {
          "available": 0,
          "collectionURI": "http://gateway.marvel.com/v1/public/characters/1017294/events",
          "items": [],
          "returned": 0
        },
        "urls": [
          {
            "type": "detail",
            "url": "http://marvel.com/characters/29/iron_man?utm_campaign=apiRef&utm_source=5f84cceaaa141a3ad5425c416353eab4"
          },
          {
            "type": "comiclink",
            "url": "http://marvel.com/comics/characters/1017294/iron_man_lego_marvel_super_heroes?utm_campaign=apiRef&utm_source=5f84cceaaa141a3ad5425c416353eab4"
          }
        ]
      },
      {
        "id": 1017310,
        "name": "Iron Man (Marvel Heroes)",
        "description": "",
        "modified": "2013-09-18T10:53:29-0400",
        "thumbnail": {
          "path": "http://i.annihil.us/u/prod/marvel/i/mg/9/40/5239be60a67da",
          "extension": "jpg"
        },
        "resourceURI": "http://gateway.marvel.com/v1/public/characters/1017310",
        "comics": {
          "available": 0,
          "collectionURI": "http://gateway.marvel.com/v1/public/characters/1017310/comics",
          "items": [],
          "returned": 0
        },
        "series": {
          "available": 0,
          "collectionURI": "http://gateway.marvel.com/v1/public/characters/1017310/series",
          "items": [],
          "returned": 0
        },
        "stories": {
          "available": 0,
          "collectionURI": "http://gateway.marvel.com/v1/public/characters/1017310/stories",
          "items": [],
          "returned": 0
        },
        "events": {
          "available": 0,
          "collectionURI": "http://gateway.marvel.com/v1/public/characters/1017310/events",
          "items": [],
          "returned": 0
        },
        "urls": [
          {
            "type": "detail",
            "url": "http://marvel.com/characters/29/iron_man?utm_campaign=apiRef&utm_source=5f84cceaaa141a3ad5425c416353eab4"
          },
          {
            "type": "comiclink",
            "url": "http://marvel.com/comics/characters/1017310/iron_man_marvel_heroes?utm_campaign=apiRef&utm_source=5f84cceaaa141a3ad5425c416353eab4"
          }
        ]
      },
      {
        "id": 1017326,
        "name": "Iron Man (Marvel War of Heroes)",
        "description": "",
        "modified": "2013-09-18T10:59:29-0400",
        "thumbnail": {
          "path": "http://i.annihil.us/u/prod/marvel/i/mg/f/f0/5239bfbfeea88",
          "extension": "jpg"
        },
        "resourceURI": "http://gateway.marvel.com/v1/public/characters/1017326",
        "comics": {
          "available": 0,
          "collectionURI": "http://gateway.marvel.com/v1/public/characters/1017326/comics",
          "items": [],
          "returned": 0
        },
        "series": {
          "available": 0,
          "collectionURI": "http://gateway.marvel.com/v1/public/characters/1017326/series",
          "items": [],
          "returned": 0
        },
        "stories": {
          "available": 0,
          "collectionURI": "http://gateway.marvel.com/v1/public/characters/1017326/stories",
          "items": [],
          "returned": 0
        },
        "events": {
          "available": 0,
          "collectionURI": "http://gateway.marvel.com/v1/public/characters/1017326/events",
          "items": [],
          "returned": 0
        },
        "urls": [
          {
            "type": "detail",
            "url": "http://marvel.com/characters/29/iron_man?utm_campaign=apiRef&utm_source=5f84cceaaa141a3ad5425c416353eab4"
          },
          {
            "type": "comiclink",
            "url": "http://marvel.com/comics/characters/1017326/iron_man_marvel_war_of_heroes?utm_campaign=apiRef&utm_source=5f84cceaaa141a3ad5425c416353eab4"
          }
        ]
      },
      {
        "id": 1010935,
        "name": "Iron Man (Ultimate)",
        "description": "",
        "modified": "2014-03-05T13:37:05-0500",
        "thumbnail": {
          "path": "http://i.annihil.us/u/prod/marvel/i/mg/1/90/53176e7785d95",
          "extension": "jpg"
        },
        "resourceURI": "http://gateway.marvel.com/v1/public/characters/1010935",
        "comics": {
          "available": 76,
          "collectionURI": "http://gateway.marvel.com/v1/public/characters/1010935/comics",
          "items": [
            {
              "resourceURI": "http://gateway.marvel.com/v1/public/comics/18479",
              "name": "Ultimate Adventures (2002) #1"
            },
            {
              "resourceURI": "http://gateway.marvel.com/v1/public/comics/18480",
              "name": "Ultimate Adventures (2002) #2"
            },
            {
              "resourceURI": "http://gateway.marvel.com/v1/public/comics/18482",
              "name": "Ultimate Adventures (2002) #4"
            },
            {
              "resourceURI": "http://gateway.marvel.com/v1/public/comics/18483",
              "name": "Ultimate Adventures (2002) #5"
            },
            {
              "resourceURI": "http://gateway.marvel.com/v1/public/comics/160",
              "name": "Ultimate Adventures (2002) #6"
            },
            {
              "resourceURI": "http://gateway.marvel.com/v1/public/comics/1934",
              "name": "Ultimate Adventures Vol. 1: One Tin Soldier (Trade Paperback)"
            },
            {
              "resourceURI": "http://gateway.marvel.com/v1/public/comics/1204",
              "name": "Ultimate Adventures Vol. I (Trade Paperback)"
            },
            {
              "resourceURI": "http://gateway.marvel.com/v1/public/comics/27663",
              "name": "Ultimate Armor Wars (2009) #4"
            },
            {
              "resourceURI": "http://gateway.marvel.com/v1/public/comics/36129",
              "name": "Ultimate Avengers Vs. New Ultimates (2011) #2"
            },
            {
              "resourceURI": "http://gateway.marvel.com/v1/public/comics/27660",
              "name": "Ultimate Armor Wars (2009) #1"
            },
            {
              "resourceURI": "http://gateway.marvel.com/v1/public/comics/27661",
              "name": "Ultimate Armor Wars (2009) #2"
            },
            {
              "resourceURI": "http://gateway.marvel.com/v1/public/comics/27662",
              "name": "Ultimate Armor Wars (2009) #3"
            },
            {
              "resourceURI": "http://gateway.marvel.com/v1/public/comics/38503",
              "name": "Ultimate Avengers Vs. New Ultimates (2011) #2 (HITCH VARIANT)"
            },
            {
              "resourceURI": "http://gateway.marvel.com/v1/public/comics/45715",
              "name": "Ultimate Comics Iron Man (2012) #1"
            },
            {
              "resourceURI": "http://gateway.marvel.com/v1/public/comics/45421",
              "name": "Ultimate Comics Iron Man (2012) #3"
            },
            {
              "resourceURI": "http://gateway.marvel.com/v1/public/comics/46544",
              "name": "Ultimate Comics Iron Man (2012) #4"
            },
            {
              "resourceURI": "http://gateway.marvel.com/v1/public/comics/30600",
              "name": "Ultimate Comics New Ultimates (2010) #1"
            },
            {
              "resourceURI": "http://gateway.marvel.com/v1/public/comics/30602",
              "name": "Ultimate Comics New Ultimates (2010) #2"
            },
            {
              "resourceURI": "http://gateway.marvel.com/v1/public/comics/37461",
              "name": "Ultimate Comics Spider-Man (2009) #150"
            },
            {
              "resourceURI": "http://gateway.marvel.com/v1/public/comics/37520",
              "name": "Ultimate Comics Spider-Man (2009) #150 (WRAPAROUND VARIANT)"
            }
          ],
          "returned": 20
        },
        "series": {
          "available": 28,
          "collectionURI": "http://gateway.marvel.com/v1/public/characters/1010935/series",
          "items": [
            {
              "resourceURI": "http://gateway.marvel.com/v1/public/series/469",
              "name": "Ultimate Adventures (2002 - 2003)"
            },
            {
              "resourceURI": "http://gateway.marvel.com/v1/public/series/1173",
              "name": "Ultimate Adventures Vol. 1: One Tin Soldier (2005)"
            },
            {
              "resourceURI": "http://gateway.marvel.com/v1/public/series/261",
              "name": "Ultimate Adventures Vol. I (2003)"
            },
            {
              "resourceURI": "http://gateway.marvel.com/v1/public/series/8845",
              "name": "Ultimate Armor Wars (2009)"
            },
            {
              "resourceURI": "http://gateway.marvel.com/v1/public/series/12615",
              "name": "Ultimate Avengers Vs. New Ultimates (2011)"
            },
            {
              "resourceURI": "http://gateway.marvel.com/v1/public/series/16739",
              "name": "Ultimate Comics Iron Man (2012 - 2013)"
            },
            {
              "resourceURI": "http://gateway.marvel.com/v1/public/series/9026",
              "name": "Ultimate Comics New Ultimates (2010 - 2011)"
            },
            {
              "resourceURI": "http://gateway.marvel.com/v1/public/series/8509",
              "name": "Ultimate Comics Spider-Man (2009 - 2012)"
            },
            {
              "resourceURI": "http://gateway.marvel.com/v1/public/series/11272",
              "name": "Ultimate Comics Thor (2010 - 2011)"
            },
            {
              "resourceURI": "http://gateway.marvel.com/v1/public/series/13936",
              "name": "Ultimate Comics Ultimates (2011 - 2013)"
            },
            {
              "resourceURI": "http://gateway.marvel.com/v1/public/series/13108",
              "name": "Ultimate Comics X-Men (2010 - 2013)"
            },
            {
              "resourceURI": "http://gateway.marvel.com/v1/public/series/759",
              "name": "Ultimate Extinction (2006)"
            },
            {
              "resourceURI": "http://gateway.marvel.com/v1/public/series/702",
              "name": "Ultimate Fantastic Four (2003 - 2009)"
            },
            {
              "resourceURI": "http://gateway.marvel.com/v1/public/series/2223",
              "name": "Ultimate Galactus Trilogy (2007)"
            },
            {
              "resourceURI": "http://gateway.marvel.com/v1/public/series/3421",
              "name": "Ultimate Human (2008)"
            },
            {
              "resourceURI": "http://gateway.marvel.com/v1/public/series/761",
              "name": "Ultimate Iron Man (2005)"
            },
            {
              "resourceURI": "http://gateway.marvel.com/v1/public/series/3179",
              "name": "Ultimate Iron Man II (2007 - 2008)"
            },
            {
              "resourceURI": "http://gateway.marvel.com/v1/public/series/1275",
              "name": "Ultimate Iron Man Vol. 1 (2006)"
            },
            {
              "resourceURI": "http://gateway.marvel.com/v1/public/series/2311",
              "name": "Ultimate Marvel Team-Up (2001 - 2002)"
            },
            {
              "resourceURI": "http://gateway.marvel.com/v1/public/series/1823",
              "name": "Ultimate Marvel Team-Up Ultimate Collection (2006)"
            }
          ],
          "returned": 20
        },
        "stories": {
          "available": 92,
          "collectionURI": "http://gateway.marvel.com/v1/public/characters/1010935/stories",
          "items": [
            {
              "resourceURI": "http://gateway.marvel.com/v1/public/stories/1298",
              "name": "Ultimate Adventures (2002) #6",
              "type": "cover"
            },
            {
              "resourceURI": "http://gateway.marvel.com/v1/public/stories/1334",
              "name": "Ultimate Spider-Man (2000) #70",
              "type": "cover"
            },
            {
              "resourceURI": "http://gateway.marvel.com/v1/public/stories/1460",
              "name": "Ultimate X-Men (2001) #64",
              "type": "cover"
            },
            {
              "resourceURI": "http://gateway.marvel.com/v1/public/stories/1461",
              "name": "4 of 5 - Magnetic North",
              "type": "interiorStory"
            },
            {
              "resourceURI": "http://gateway.marvel.com/v1/public/stories/3548",
              "name": "Ultimate Extinction (2006) #2",
              "type": "cover"
            },
            {
              "resourceURI": "http://gateway.marvel.com/v1/public/stories/3549",
              "name": "2 of 5 - 5XLS",
              "type": "interiorStory"
            },
            {
              "resourceURI": "http://gateway.marvel.com/v1/public/stories/3550",
              "name": "Ultimate Extinction (2006) #3",
              "type": "cover"
            },
            {
              "resourceURI": "http://gateway.marvel.com/v1/public/stories/3551",
              "name": "3 of 5 - 5XLS",
              "type": "interiorStory"
            },
            {
              "resourceURI": "http://gateway.marvel.com/v1/public/stories/3552",
              "name": "Ultimate Extinction (2006) #4",
              "type": "cover"
            },
            {
              "resourceURI": "http://gateway.marvel.com/v1/public/stories/3553",
              "name": "4 of 5 - 5XLS",
              "type": "interiorStory"
            },
            {
              "resourceURI": "http://gateway.marvel.com/v1/public/stories/3554",
              "name": "Ultimate Extinction (2006) #5",
              "type": "cover"
            },
            {
              "resourceURI": "http://gateway.marvel.com/v1/public/stories/3555",
              "name": "5 of 5 - 5XLS",
              "type": "interiorStory"
            },
            {
              "resourceURI": "http://gateway.marvel.com/v1/public/stories/3566",
              "name": "ULTIMATE IRON MAN (2005) #1",
              "type": "cover"
            },
            {
              "resourceURI": "http://gateway.marvel.com/v1/public/stories/3570",
              "name": "ULTIMATE IRON MAN (2005) #2",
              "type": "cover"
            },
            {
              "resourceURI": "http://gateway.marvel.com/v1/public/stories/3572",
              "name": "ULTIMATE IRON MAN (2005) #3",
              "type": "cover"
            },
            {
              "resourceURI": "http://gateway.marvel.com/v1/public/stories/3574",
              "name": "ULTIMATE IRON MAN (2005) #4",
              "type": "cover"
            },
            {
              "resourceURI": "http://gateway.marvel.com/v1/public/stories/3576",
              "name": "ULTIMATE IRON MAN (2005) #5",
              "type": "cover"
            },
            {
              "resourceURI": "http://gateway.marvel.com/v1/public/stories/4312",
              "name": "4 of 4 - 4XLS",
              "type": "cover"
            },
            {
              "resourceURI": "http://gateway.marvel.com/v1/public/stories/5364",
              "name": "Cover #5364",
              "type": "cover"
            },
            {
              "resourceURI": "http://gateway.marvel.com/v1/public/stories/5708",
              "name": "ULTIMATE WOLVERINE VS. HULK (2005) #2",
              "type": "cover"
            }
          ],
          "returned": 20
        },
        "events": {
          "available": 0,
          "collectionURI": "http://gateway.marvel.com/v1/public/characters/1010935/events",
          "items": [],
          "returned": 0
        },
        "urls": [
          {
            "type": "detail",
            "url": "http://marvel.com/comics/characters/1010935/iron_man_ultimate?utm_campaign=apiRef&utm_source=5f84cceaaa141a3ad5425c416353eab4"
          },
          {
            "type": "wiki",
            "url": "http://marvel.com/universe/Iron_Man_%28Ultimate%29?utm_campaign=apiRef&utm_source=5f84cceaaa141a3ad5425c416353eab4"
          },
          {
            "type": "comiclink",
            "url": "http://marvel.com/comics/characters/1010935/iron_man_ultimate?utm_campaign=apiRef&utm_source=5f84cceaaa141a3ad5425c416353eab4"
          }
        ]
      }
    ]
  }
}